{
  "development": {
    "username": "root",
    "password": "password",
    "database": "chat",
    "host": "192.168.1.15",
    "dialect": "mysql",
    "operatorsAliases": false
  },
  "test": {
    "username": "root",
    "password": "password",
    "database": "chat",
    "host": "192.168.1.15",
    "dialect": "mysql",
    "operatorsAliases": false,
    "pool": {
      "max": 5,
      "min": 0,
      "acquire": 30000,
      "idle": 10000
    }
  },
  "production": {
    "username": "root",
    "password": null,
    "database": "database_production",
    "host": "127.0.0.1",
    "dialect": "mysql",
    "operatorsAliases": false
  }
}